{"z0": 50.0, "z1": -58.22857666015625, "uv": [[0.028142563998699188, 0.2994144558906555], [0.028142563998699188, 0.7221451997756958], [0.013671875, 0.389066606760025], [0.013671875, 0.6253468990325928], [0.052970122545957565, 0.39438503980636597], [0.052970122545957565, 0.6193855404853821], [0.4478667676448822, 0.3975764214992523], [0.4478667676448822, 0.6157982349395752], [0.5962873697280884, 0.41043534874916077], [0.5962873697280884, 0.6012712121009827], [0.8070719242095947, 0.3597460687160492], [0.8070719242095947, 0.6578049063682556], [0.8772206902503967, 0.2570769488811493], [0.8772206902503967, 0.7651864290237427], [0.9208984375, 0.3158903419971466], [0.9208984375, 0.7049211263656616]]}